task_id	task	language	runtime	opt-level	exec-mode
1	binaryTrees	cpp	wasmedge	default	interp
2	binaryTrees	cpp	wasmedge	default	jit
3	binaryTrees	cpp	wasmedge	default	aot
4	binaryTrees	cpp	wasmedge	O0	interp
5	binaryTrees	cpp	wasmedge	O0	jit
6	binaryTrees	cpp	wasmedge	O0	aot
7	binaryTrees	cpp	wasmedge	O1	interp
8	binaryTrees	cpp	wasmedge	O1	jit
9	binaryTrees	cpp	wasmedge	O1	aot
10	binaryTrees	cpp	wasmedge	O2	interp
11	binaryTrees	cpp	wasmedge	O2	jit
12	binaryTrees	cpp	wasmedge	O2	aot
13	binaryTrees	cpp	wasmedge	O3	interp
14	binaryTrees	cpp	wasmedge	O3	jit
15	binaryTrees	cpp	wasmedge	O3	aot
16	binaryTrees	cpp	wasmedge	Os	interp
17	binaryTrees	cpp	wasmedge	Os	jit
18	binaryTrees	cpp	wasmedge	Os	aot
19	binaryTrees	cpp	wasmedge	Oz	interp
20	binaryTrees	cpp	wasmedge	Oz	jit
21	binaryTrees	cpp	wasmedge	Oz	aot
22	binaryTrees	cpp	wamr	default	interp
23	binaryTrees	cpp	wamr	default	jit
24	binaryTrees	cpp	wamr	default	aot
25	binaryTrees	cpp	wamr	O0	interp
26	binaryTrees	cpp	wamr	O0	jit
27	binaryTrees	cpp	wamr	O0	aot
28	binaryTrees	cpp	wamr	O1	interp
29	binaryTrees	cpp	wamr	O1	jit
30	binaryTrees	cpp	wamr	O1	aot
31	binaryTrees	cpp	wamr	O2	interp
32	binaryTrees	cpp	wamr	O2	jit
33	binaryTrees	cpp	wamr	O2	aot
34	binaryTrees	cpp	wamr	O3	interp
35	binaryTrees	cpp	wamr	O3	jit
36	binaryTrees	cpp	wamr	O3	aot
37	binaryTrees	cpp	wamr	Os	interp
38	binaryTrees	cpp	wamr	Os	jit
39	binaryTrees	cpp	wamr	Os	aot
40	binaryTrees	cpp	wamr	Oz	interp
41	binaryTrees	cpp	wamr	Oz	jit
42	binaryTrees	cpp	wamr	Oz	aot
43	binaryTrees	cpp	wasmtime	default	jit
44	binaryTrees	cpp	wasmtime	default	aot
45	binaryTrees	cpp	wasmtime	O0	jit
46	binaryTrees	cpp	wasmtime	O0	aot
47	binaryTrees	cpp	wasmtime	O1	jit
48	binaryTrees	cpp	wasmtime	O1	aot
49	binaryTrees	cpp	wasmtime	O2	jit
50	binaryTrees	cpp	wasmtime	O2	aot
51	binaryTrees	cpp	wasmtime	O3	jit
52	binaryTrees	cpp	wasmtime	O3	aot
53	binaryTrees	cpp	wasmtime	Os	jit
54	binaryTrees	cpp	wasmtime	Os	aot
55	binaryTrees	cpp	wasmtime	Oz	jit
56	binaryTrees	cpp	wasmtime	Oz	aot
57	binaryTrees	cpp	wasmer	default	jit
58	binaryTrees	cpp	wasmer	default	aot
59	binaryTrees	cpp	wasmer	O0	jit
60	binaryTrees	cpp	wasmer	O0	aot
61	binaryTrees	cpp	wasmer	O1	jit
62	binaryTrees	cpp	wasmer	O1	aot
63	binaryTrees	cpp	wasmer	O2	jit
64	binaryTrees	cpp	wasmer	O2	aot
65	binaryTrees	cpp	wasmer	O3	jit
66	binaryTrees	cpp	wasmer	O3	aot
67	binaryTrees	cpp	wasmer	Os	jit
68	binaryTrees	cpp	wasmer	Os	aot
69	binaryTrees	cpp	wasmer	Oz	jit
70	binaryTrees	cpp	wasmer	Oz	aot
71	binaryTrees	go	wasmedge	default	interp
72	binaryTrees	go	wasmedge	default	jit
73	binaryTrees	go	wasmedge	default	aot
74	binaryTrees	go	wamr	default	interp
75	binaryTrees	go	wamr	default	jit
76	binaryTrees	go	wamr	default	aot
77	binaryTrees	go	wasmtime	default	jit
78	binaryTrees	go	wasmtime	default	aot
79	binaryTrees	go	wasmer	default	jit
80	binaryTrees	go	wasmer	default	aot
81	binaryTrees	rust	wasmedge	default	interp
82	binaryTrees	rust	wasmedge	default	jit
83	binaryTrees	rust	wasmedge	default	aot
84	binaryTrees	rust	wasmedge	O0	interp
85	binaryTrees	rust	wasmedge	O0	jit
86	binaryTrees	rust	wasmedge	O0	aot
87	binaryTrees	rust	wasmedge	O1	interp
88	binaryTrees	rust	wasmedge	O1	jit
89	binaryTrees	rust	wasmedge	O1	aot
90	binaryTrees	rust	wasmedge	O2	interp
91	binaryTrees	rust	wasmedge	O2	jit
92	binaryTrees	rust	wasmedge	O2	aot
93	binaryTrees	rust	wasmedge	O3	interp
94	binaryTrees	rust	wasmedge	O3	jit
95	binaryTrees	rust	wasmedge	O3	aot
96	binaryTrees	rust	wasmedge	Os	interp
97	binaryTrees	rust	wasmedge	Os	jit
98	binaryTrees	rust	wasmedge	Os	aot
99	binaryTrees	rust	wasmedge	Oz	interp
100	binaryTrees	rust	wasmedge	Oz	jit
101	binaryTrees	rust	wasmedge	Oz	aot
102	binaryTrees	rust	wamr	default	interp
103	binaryTrees	rust	wamr	default	jit
104	binaryTrees	rust	wamr	default	aot
105	binaryTrees	rust	wamr	O0	interp
106	binaryTrees	rust	wamr	O0	jit
107	binaryTrees	rust	wamr	O0	aot
108	binaryTrees	rust	wamr	O1	interp
109	binaryTrees	rust	wamr	O1	jit
110	binaryTrees	rust	wamr	O1	aot
111	binaryTrees	rust	wamr	O2	interp
112	binaryTrees	rust	wamr	O2	jit
113	binaryTrees	rust	wamr	O2	aot
114	binaryTrees	rust	wamr	O3	interp
115	binaryTrees	rust	wamr	O3	jit
116	binaryTrees	rust	wamr	O3	aot
117	binaryTrees	rust	wamr	Os	interp
118	binaryTrees	rust	wamr	Os	jit
119	binaryTrees	rust	wamr	Os	aot
120	binaryTrees	rust	wamr	Oz	interp
121	binaryTrees	rust	wamr	Oz	jit
122	binaryTrees	rust	wamr	Oz	aot
123	binaryTrees	rust	wasmtime	default	jit
124	binaryTrees	rust	wasmtime	default	aot
125	binaryTrees	rust	wasmtime	O0	jit
126	binaryTrees	rust	wasmtime	O0	aot
127	binaryTrees	rust	wasmtime	O1	jit
128	binaryTrees	rust	wasmtime	O1	aot
129	binaryTrees	rust	wasmtime	O2	jit
130	binaryTrees	rust	wasmtime	O2	aot
131	binaryTrees	rust	wasmtime	O3	jit
132	binaryTrees	rust	wasmtime	O3	aot
133	binaryTrees	rust	wasmtime	Os	jit
134	binaryTrees	rust	wasmtime	Os	aot
135	binaryTrees	rust	wasmtime	Oz	jit
136	binaryTrees	rust	wasmtime	Oz	aot
137	binaryTrees	rust	wasmer	default	jit
138	binaryTrees	rust	wasmer	default	aot
139	binaryTrees	rust	wasmer	O0	jit
140	binaryTrees	rust	wasmer	O0	aot
141	binaryTrees	rust	wasmer	O1	jit
142	binaryTrees	rust	wasmer	O1	aot
143	binaryTrees	rust	wasmer	O2	jit
144	binaryTrees	rust	wasmer	O2	aot
145	binaryTrees	rust	wasmer	O3	jit
146	binaryTrees	rust	wasmer	O3	aot
147	binaryTrees	rust	wasmer	Os	jit
148	binaryTrees	rust	wasmer	Os	aot
149	binaryTrees	rust	wasmer	Oz	jit
150	binaryTrees	rust	wasmer	Oz	aot
151	empty	cpp	wasmedge	default	interp
152	empty	cpp	wasmedge	default	jit
153	empty	cpp	wasmedge	default	aot
154	empty	cpp	wamr	default	interp
155	empty	cpp	wamr	default	jit
156	empty	cpp	wamr	default	aot
157	empty	cpp	wasmtime	default	jit
158	empty	cpp	wasmtime	default	aot
159	empty	cpp	wasmer	default	jit
160	empty	cpp	wasmer	default	aot
161	fibonacciSequence	cpp	wasmedge	default	interp
162	fibonacciSequence	cpp	wasmedge	default	jit
163	fibonacciSequence	cpp	wasmedge	default	aot
164	fibonacciSequence	cpp	wasmedge	O0	interp
165	fibonacciSequence	cpp	wasmedge	O0	jit
166	fibonacciSequence	cpp	wasmedge	O0	aot
167	fibonacciSequence	cpp	wasmedge	O1	interp
168	fibonacciSequence	cpp	wasmedge	O1	jit
169	fibonacciSequence	cpp	wasmedge	O1	aot
170	fibonacciSequence	cpp	wasmedge	O2	interp
171	fibonacciSequence	cpp	wasmedge	O2	jit
172	fibonacciSequence	cpp	wasmedge	O2	aot
173	fibonacciSequence	cpp	wasmedge	O3	interp
174	fibonacciSequence	cpp	wasmedge	O3	jit
175	fibonacciSequence	cpp	wasmedge	O3	aot
176	fibonacciSequence	cpp	wasmedge	Os	interp
177	fibonacciSequence	cpp	wasmedge	Os	jit
178	fibonacciSequence	cpp	wasmedge	Os	aot
179	fibonacciSequence	cpp	wasmedge	Oz	interp
180	fibonacciSequence	cpp	wasmedge	Oz	jit
181	fibonacciSequence	cpp	wasmedge	Oz	aot
182	fibonacciSequence	cpp	wamr	default	interp
183	fibonacciSequence	cpp	wamr	default	jit
184	fibonacciSequence	cpp	wamr	default	aot
185	fibonacciSequence	cpp	wamr	O0	interp
186	fibonacciSequence	cpp	wamr	O0	jit
187	fibonacciSequence	cpp	wamr	O0	aot
188	fibonacciSequence	cpp	wamr	O1	interp
189	fibonacciSequence	cpp	wamr	O1	jit
190	fibonacciSequence	cpp	wamr	O1	aot
191	fibonacciSequence	cpp	wamr	O2	interp
192	fibonacciSequence	cpp	wamr	O2	jit
193	fibonacciSequence	cpp	wamr	O2	aot
194	fibonacciSequence	cpp	wamr	O3	interp
195	fibonacciSequence	cpp	wamr	O3	jit
196	fibonacciSequence	cpp	wamr	O3	aot
197	fibonacciSequence	cpp	wamr	Os	interp
198	fibonacciSequence	cpp	wamr	Os	jit
199	fibonacciSequence	cpp	wamr	Os	aot
200	fibonacciSequence	cpp	wamr	Oz	interp
201	fibonacciSequence	cpp	wamr	Oz	jit
202	fibonacciSequence	cpp	wamr	Oz	aot
203	fibonacciSequence	cpp	wasmtime	default	jit
204	fibonacciSequence	cpp	wasmtime	default	aot
205	fibonacciSequence	cpp	wasmtime	O0	jit
206	fibonacciSequence	cpp	wasmtime	O0	aot
207	fibonacciSequence	cpp	wasmtime	O1	jit
208	fibonacciSequence	cpp	wasmtime	O1	aot
209	fibonacciSequence	cpp	wasmtime	O2	jit
210	fibonacciSequence	cpp	wasmtime	O2	aot
211	fibonacciSequence	cpp	wasmtime	O3	jit
212	fibonacciSequence	cpp	wasmtime	O3	aot
213	fibonacciSequence	cpp	wasmtime	Os	jit
214	fibonacciSequence	cpp	wasmtime	Os	aot
215	fibonacciSequence	cpp	wasmtime	Oz	jit
216	fibonacciSequence	cpp	wasmtime	Oz	aot
217	fibonacciSequence	cpp	wasmer	default	jit
218	fibonacciSequence	cpp	wasmer	default	aot
219	fibonacciSequence	cpp	wasmer	O0	jit
220	fibonacciSequence	cpp	wasmer	O0	aot
221	fibonacciSequence	cpp	wasmer	O1	jit
222	fibonacciSequence	cpp	wasmer	O1	aot
223	fibonacciSequence	cpp	wasmer	O2	jit
224	fibonacciSequence	cpp	wasmer	O2	aot
225	fibonacciSequence	cpp	wasmer	O3	jit
226	fibonacciSequence	cpp	wasmer	O3	aot
227	fibonacciSequence	cpp	wasmer	Os	jit
228	fibonacciSequence	cpp	wasmer	Os	aot
229	fibonacciSequence	cpp	wasmer	Oz	jit
230	fibonacciSequence	cpp	wasmer	Oz	aot
231	fibonacciSequence	go	wasmedge	default	interp
232	fibonacciSequence	go	wasmedge	default	jit
233	fibonacciSequence	go	wasmedge	default	aot
234	fibonacciSequence	go	wamr	default	interp
235	fibonacciSequence	go	wamr	default	jit
236	fibonacciSequence	go	wamr	default	aot
237	fibonacciSequence	go	wasmtime	default	jit
238	fibonacciSequence	go	wasmtime	default	aot
239	fibonacciSequence	go	wasmer	default	jit
240	fibonacciSequence	go	wasmer	default	aot
241	fibonacciSequence	rust	wasmedge	default	interp
242	fibonacciSequence	rust	wasmedge	default	jit
243	fibonacciSequence	rust	wasmedge	default	aot
244	fibonacciSequence	rust	wasmedge	O0	interp
245	fibonacciSequence	rust	wasmedge	O0	jit
246	fibonacciSequence	rust	wasmedge	O0	aot
247	fibonacciSequence	rust	wasmedge	O1	interp
248	fibonacciSequence	rust	wasmedge	O1	jit
249	fibonacciSequence	rust	wasmedge	O1	aot
250	fibonacciSequence	rust	wasmedge	O2	interp
251	fibonacciSequence	rust	wasmedge	O2	jit
252	fibonacciSequence	rust	wasmedge	O2	aot
253	fibonacciSequence	rust	wasmedge	O3	interp
254	fibonacciSequence	rust	wasmedge	O3	jit
255	fibonacciSequence	rust	wasmedge	O3	aot
256	fibonacciSequence	rust	wasmedge	Os	interp
257	fibonacciSequence	rust	wasmedge	Os	jit
258	fibonacciSequence	rust	wasmedge	Os	aot
259	fibonacciSequence	rust	wasmedge	Oz	interp
260	fibonacciSequence	rust	wasmedge	Oz	jit
261	fibonacciSequence	rust	wasmedge	Oz	aot
262	fibonacciSequence	rust	wamr	default	interp
263	fibonacciSequence	rust	wamr	default	jit
264	fibonacciSequence	rust	wamr	default	aot
265	fibonacciSequence	rust	wamr	O0	interp
266	fibonacciSequence	rust	wamr	O0	jit
267	fibonacciSequence	rust	wamr	O0	aot
268	fibonacciSequence	rust	wamr	O1	interp
269	fibonacciSequence	rust	wamr	O1	jit
270	fibonacciSequence	rust	wamr	O1	aot
271	fibonacciSequence	rust	wamr	O2	interp
272	fibonacciSequence	rust	wamr	O2	jit
273	fibonacciSequence	rust	wamr	O2	aot
274	fibonacciSequence	rust	wamr	O3	interp
275	fibonacciSequence	rust	wamr	O3	jit
276	fibonacciSequence	rust	wamr	O3	aot
277	fibonacciSequence	rust	wamr	Os	interp
278	fibonacciSequence	rust	wamr	Os	jit
279	fibonacciSequence	rust	wamr	Os	aot
280	fibonacciSequence	rust	wamr	Oz	interp
281	fibonacciSequence	rust	wamr	Oz	jit
282	fibonacciSequence	rust	wamr	Oz	aot
283	fibonacciSequence	rust	wasmtime	default	jit
284	fibonacciSequence	rust	wasmtime	default	aot
285	fibonacciSequence	rust	wasmtime	O0	jit
286	fibonacciSequence	rust	wasmtime	O0	aot
287	fibonacciSequence	rust	wasmtime	O1	jit
288	fibonacciSequence	rust	wasmtime	O1	aot
289	fibonacciSequence	rust	wasmtime	O2	jit
290	fibonacciSequence	rust	wasmtime	O2	aot
291	fibonacciSequence	rust	wasmtime	O3	jit
292	fibonacciSequence	rust	wasmtime	O3	aot
293	fibonacciSequence	rust	wasmtime	Os	jit
294	fibonacciSequence	rust	wasmtime	Os	aot
295	fibonacciSequence	rust	wasmtime	Oz	jit
296	fibonacciSequence	rust	wasmtime	Oz	aot
297	fibonacciSequence	rust	wasmer	default	jit
298	fibonacciSequence	rust	wasmer	default	aot
299	fibonacciSequence	rust	wasmer	O0	jit
300	fibonacciSequence	rust	wasmer	O0	aot
301	fibonacciSequence	rust	wasmer	O1	jit
302	fibonacciSequence	rust	wasmer	O1	aot
303	fibonacciSequence	rust	wasmer	O2	jit
304	fibonacciSequence	rust	wasmer	O2	aot
305	fibonacciSequence	rust	wasmer	O3	jit
306	fibonacciSequence	rust	wasmer	O3	aot
307	fibonacciSequence	rust	wasmer	Os	jit
308	fibonacciSequence	rust	wasmer	Os	aot
309	fibonacciSequence	rust	wasmer	Oz	jit
310	fibonacciSequence	rust	wasmer	Oz	aot
311	fourierTransform	cpp	wasmedge	default	interp
312	fourierTransform	cpp	wasmedge	default	jit
313	fourierTransform	cpp	wasmedge	default	aot
314	fourierTransform	cpp	wasmedge	O0	interp
315	fourierTransform	cpp	wasmedge	O0	jit
316	fourierTransform	cpp	wasmedge	O0	aot
317	fourierTransform	cpp	wasmedge	O1	interp
318	fourierTransform	cpp	wasmedge	O1	jit
319	fourierTransform	cpp	wasmedge	O1	aot
320	fourierTransform	cpp	wasmedge	O2	interp
321	fourierTransform	cpp	wasmedge	O2	jit
322	fourierTransform	cpp	wasmedge	O2	aot
323	fourierTransform	cpp	wasmedge	O3	interp
324	fourierTransform	cpp	wasmedge	O3	jit
325	fourierTransform	cpp	wasmedge	O3	aot
326	fourierTransform	cpp	wasmedge	Os	interp
327	fourierTransform	cpp	wasmedge	Os	jit
328	fourierTransform	cpp	wasmedge	Os	aot
329	fourierTransform	cpp	wasmedge	Oz	interp
330	fourierTransform	cpp	wasmedge	Oz	jit
331	fourierTransform	cpp	wasmedge	Oz	aot
332	fourierTransform	cpp	wamr	default	interp
333	fourierTransform	cpp	wamr	default	jit
334	fourierTransform	cpp	wamr	default	aot
335	fourierTransform	cpp	wamr	O0	interp
336	fourierTransform	cpp	wamr	O0	jit
337	fourierTransform	cpp	wamr	O0	aot
338	fourierTransform	cpp	wamr	O1	interp
339	fourierTransform	cpp	wamr	O1	jit
340	fourierTransform	cpp	wamr	O1	aot
341	fourierTransform	cpp	wamr	O2	interp
342	fourierTransform	cpp	wamr	O2	jit
343	fourierTransform	cpp	wamr	O2	aot
344	fourierTransform	cpp	wamr	O3	interp
345	fourierTransform	cpp	wamr	O3	jit
346	fourierTransform	cpp	wamr	O3	aot
347	fourierTransform	cpp	wamr	Os	interp
348	fourierTransform	cpp	wamr	Os	jit
349	fourierTransform	cpp	wamr	Os	aot
350	fourierTransform	cpp	wamr	Oz	interp
351	fourierTransform	cpp	wamr	Oz	jit
352	fourierTransform	cpp	wamr	Oz	aot
353	fourierTransform	cpp	wasmtime	default	jit
354	fourierTransform	cpp	wasmtime	default	aot
355	fourierTransform	cpp	wasmtime	O0	jit
356	fourierTransform	cpp	wasmtime	O0	aot
357	fourierTransform	cpp	wasmtime	O1	jit
358	fourierTransform	cpp	wasmtime	O1	aot
359	fourierTransform	cpp	wasmtime	O2	jit
360	fourierTransform	cpp	wasmtime	O2	aot
361	fourierTransform	cpp	wasmtime	O3	jit
362	fourierTransform	cpp	wasmtime	O3	aot
363	fourierTransform	cpp	wasmtime	Os	jit
364	fourierTransform	cpp	wasmtime	Os	aot
365	fourierTransform	cpp	wasmtime	Oz	jit
366	fourierTransform	cpp	wasmtime	Oz	aot
367	fourierTransform	cpp	wasmer	default	jit
368	fourierTransform	cpp	wasmer	default	aot
369	fourierTransform	cpp	wasmer	O0	jit
370	fourierTransform	cpp	wasmer	O0	aot
371	fourierTransform	cpp	wasmer	O1	jit
372	fourierTransform	cpp	wasmer	O1	aot
373	fourierTransform	cpp	wasmer	O2	jit
374	fourierTransform	cpp	wasmer	O2	aot
375	fourierTransform	cpp	wasmer	O3	jit
376	fourierTransform	cpp	wasmer	O3	aot
377	fourierTransform	cpp	wasmer	Os	jit
378	fourierTransform	cpp	wasmer	Os	aot
379	fourierTransform	cpp	wasmer	Oz	jit
380	fourierTransform	cpp	wasmer	Oz	aot
381	fourierTransform	go	wasmedge	default	interp
382	fourierTransform	go	wasmedge	default	jit
383	fourierTransform	go	wasmedge	default	aot
384	fourierTransform	go	wamr	default	interp
385	fourierTransform	go	wamr	default	jit
386	fourierTransform	go	wamr	default	aot
387	fourierTransform	go	wasmtime	default	jit
388	fourierTransform	go	wasmtime	default	aot
389	fourierTransform	go	wasmer	default	jit
390	fourierTransform	go	wasmer	default	aot
391	fourierTransform	rust	wasmedge	default	interp
392	fourierTransform	rust	wasmedge	default	jit
393	fourierTransform	rust	wasmedge	default	aot
394	fourierTransform	rust	wasmedge	O0	interp
395	fourierTransform	rust	wasmedge	O0	jit
396	fourierTransform	rust	wasmedge	O0	aot
397	fourierTransform	rust	wasmedge	O1	interp
398	fourierTransform	rust	wasmedge	O1	jit
399	fourierTransform	rust	wasmedge	O1	aot
400	fourierTransform	rust	wasmedge	O2	interp
401	fourierTransform	rust	wasmedge	O2	jit
402	fourierTransform	rust	wasmedge	O2	aot
403	fourierTransform	rust	wasmedge	O3	interp
404	fourierTransform	rust	wasmedge	O3	jit
405	fourierTransform	rust	wasmedge	O3	aot
406	fourierTransform	rust	wasmedge	Os	interp
407	fourierTransform	rust	wasmedge	Os	jit
408	fourierTransform	rust	wasmedge	Os	aot
409	fourierTransform	rust	wasmedge	Oz	interp
410	fourierTransform	rust	wasmedge	Oz	jit
411	fourierTransform	rust	wasmedge	Oz	aot
412	fourierTransform	rust	wamr	default	interp
413	fourierTransform	rust	wamr	default	jit
414	fourierTransform	rust	wamr	default	aot
415	fourierTransform	rust	wamr	O0	interp
416	fourierTransform	rust	wamr	O0	jit
417	fourierTransform	rust	wamr	O0	aot
418	fourierTransform	rust	wamr	O1	interp
419	fourierTransform	rust	wamr	O1	jit
420	fourierTransform	rust	wamr	O1	aot
421	fourierTransform	rust	wamr	O2	interp
422	fourierTransform	rust	wamr	O2	jit
423	fourierTransform	rust	wamr	O2	aot
424	fourierTransform	rust	wamr	O3	interp
425	fourierTransform	rust	wamr	O3	jit
426	fourierTransform	rust	wamr	O3	aot
427	fourierTransform	rust	wamr	Os	interp
428	fourierTransform	rust	wamr	Os	jit
429	fourierTransform	rust	wamr	Os	aot
430	fourierTransform	rust	wamr	Oz	interp
431	fourierTransform	rust	wamr	Oz	jit
432	fourierTransform	rust	wamr	Oz	aot
433	fourierTransform	rust	wasmtime	default	jit
434	fourierTransform	rust	wasmtime	default	aot
435	fourierTransform	rust	wasmtime	O0	jit
436	fourierTransform	rust	wasmtime	O0	aot
437	fourierTransform	rust	wasmtime	O1	jit
438	fourierTransform	rust	wasmtime	O1	aot
439	fourierTransform	rust	wasmtime	O2	jit
440	fourierTransform	rust	wasmtime	O2	aot
441	fourierTransform	rust	wasmtime	O3	jit
442	fourierTransform	rust	wasmtime	O3	aot
443	fourierTransform	rust	wasmtime	Os	jit
444	fourierTransform	rust	wasmtime	Os	aot
445	fourierTransform	rust	wasmtime	Oz	jit
446	fourierTransform	rust	wasmtime	Oz	aot
447	fourierTransform	rust	wasmer	default	jit
448	fourierTransform	rust	wasmer	default	aot
449	fourierTransform	rust	wasmer	O0	jit
450	fourierTransform	rust	wasmer	O0	aot
451	fourierTransform	rust	wasmer	O1	jit
452	fourierTransform	rust	wasmer	O1	aot
453	fourierTransform	rust	wasmer	O2	jit
454	fourierTransform	rust	wasmer	O2	aot
455	fourierTransform	rust	wasmer	O3	jit
456	fourierTransform	rust	wasmer	O3	aot
457	fourierTransform	rust	wasmer	Os	jit
458	fourierTransform	rust	wasmer	Os	aot
459	fourierTransform	rust	wasmer	Oz	jit
460	fourierTransform	rust	wasmer	Oz	aot
461	helloWorld	cpp	wasmedge	default	interp
462	helloWorld	cpp	wasmedge	default	jit
463	helloWorld	cpp	wasmedge	default	aot
464	helloWorld	cpp	wasmedge	O0	interp
465	helloWorld	cpp	wasmedge	O0	jit
466	helloWorld	cpp	wasmedge	O0	aot
467	helloWorld	cpp	wasmedge	O1	interp
468	helloWorld	cpp	wasmedge	O1	jit
469	helloWorld	cpp	wasmedge	O1	aot
470	helloWorld	cpp	wasmedge	O2	interp
471	helloWorld	cpp	wasmedge	O2	jit
472	helloWorld	cpp	wasmedge	O2	aot
473	helloWorld	cpp	wasmedge	O3	interp
474	helloWorld	cpp	wasmedge	O3	jit
475	helloWorld	cpp	wasmedge	O3	aot
476	helloWorld	cpp	wasmedge	Os	interp
477	helloWorld	cpp	wasmedge	Os	jit
478	helloWorld	cpp	wasmedge	Os	aot
479	helloWorld	cpp	wasmedge	Oz	interp
480	helloWorld	cpp	wasmedge	Oz	jit
481	helloWorld	cpp	wasmedge	Oz	aot
482	helloWorld	cpp	wamr	default	interp
483	helloWorld	cpp	wamr	default	jit
484	helloWorld	cpp	wamr	default	aot
485	helloWorld	cpp	wamr	O0	interp
486	helloWorld	cpp	wamr	O0	jit
487	helloWorld	cpp	wamr	O0	aot
488	helloWorld	cpp	wamr	O1	interp
489	helloWorld	cpp	wamr	O1	jit
490	helloWorld	cpp	wamr	O1	aot
491	helloWorld	cpp	wamr	O2	interp
492	helloWorld	cpp	wamr	O2	jit
493	helloWorld	cpp	wamr	O2	aot
494	helloWorld	cpp	wamr	O3	interp
495	helloWorld	cpp	wamr	O3	jit
496	helloWorld	cpp	wamr	O3	aot
497	helloWorld	cpp	wamr	Os	interp
498	helloWorld	cpp	wamr	Os	jit
499	helloWorld	cpp	wamr	Os	aot
500	helloWorld	cpp	wamr	Oz	interp
501	helloWorld	cpp	wamr	Oz	jit
502	helloWorld	cpp	wamr	Oz	aot
503	helloWorld	cpp	wasmtime	default	jit
504	helloWorld	cpp	wasmtime	default	aot
505	helloWorld	cpp	wasmtime	O0	jit
506	helloWorld	cpp	wasmtime	O0	aot
507	helloWorld	cpp	wasmtime	O1	jit
508	helloWorld	cpp	wasmtime	O1	aot
509	helloWorld	cpp	wasmtime	O2	jit
510	helloWorld	cpp	wasmtime	O2	aot
511	helloWorld	cpp	wasmtime	O3	jit
512	helloWorld	cpp	wasmtime	O3	aot
513	helloWorld	cpp	wasmtime	Os	jit
514	helloWorld	cpp	wasmtime	Os	aot
515	helloWorld	cpp	wasmtime	Oz	jit
516	helloWorld	cpp	wasmtime	Oz	aot
517	helloWorld	cpp	wasmer	default	jit
518	helloWorld	cpp	wasmer	default	aot
519	helloWorld	cpp	wasmer	O0	jit
520	helloWorld	cpp	wasmer	O0	aot
521	helloWorld	cpp	wasmer	O1	jit
522	helloWorld	cpp	wasmer	O1	aot
523	helloWorld	cpp	wasmer	O2	jit
524	helloWorld	cpp	wasmer	O2	aot
525	helloWorld	cpp	wasmer	O3	jit
526	helloWorld	cpp	wasmer	O3	aot
527	helloWorld	cpp	wasmer	Os	jit
528	helloWorld	cpp	wasmer	Os	aot
529	helloWorld	cpp	wasmer	Oz	jit
530	helloWorld	cpp	wasmer	Oz	aot
531	helloWorld	go	wasmedge	default	interp
532	helloWorld	go	wasmedge	default	jit
533	helloWorld	go	wasmedge	default	aot
534	helloWorld	go	wamr	default	interp
535	helloWorld	go	wamr	default	jit
536	helloWorld	go	wamr	default	aot
537	helloWorld	go	wasmtime	default	jit
538	helloWorld	go	wasmtime	default	aot
539	helloWorld	go	wasmer	default	jit
540	helloWorld	go	wasmer	default	aot
541	helloWorld	rust	wasmedge	default	interp
542	helloWorld	rust	wasmedge	default	jit
543	helloWorld	rust	wasmedge	default	aot
544	helloWorld	rust	wasmedge	O0	interp
545	helloWorld	rust	wasmedge	O0	jit
546	helloWorld	rust	wasmedge	O0	aot
547	helloWorld	rust	wasmedge	O1	interp
548	helloWorld	rust	wasmedge	O1	jit
549	helloWorld	rust	wasmedge	O1	aot
550	helloWorld	rust	wasmedge	O2	interp
551	helloWorld	rust	wasmedge	O2	jit
552	helloWorld	rust	wasmedge	O2	aot
553	helloWorld	rust	wasmedge	O3	interp
554	helloWorld	rust	wasmedge	O3	jit
555	helloWorld	rust	wasmedge	O3	aot
556	helloWorld	rust	wasmedge	Os	interp
557	helloWorld	rust	wasmedge	Os	jit
558	helloWorld	rust	wasmedge	Os	aot
559	helloWorld	rust	wasmedge	Oz	interp
560	helloWorld	rust	wasmedge	Oz	jit
561	helloWorld	rust	wasmedge	Oz	aot
562	helloWorld	rust	wamr	default	interp
563	helloWorld	rust	wamr	default	jit
564	helloWorld	rust	wamr	default	aot
565	helloWorld	rust	wamr	O0	interp
566	helloWorld	rust	wamr	O0	jit
567	helloWorld	rust	wamr	O0	aot
568	helloWorld	rust	wamr	O1	interp
569	helloWorld	rust	wamr	O1	jit
570	helloWorld	rust	wamr	O1	aot
571	helloWorld	rust	wamr	O2	interp
572	helloWorld	rust	wamr	O2	jit
573	helloWorld	rust	wamr	O2	aot
574	helloWorld	rust	wamr	O3	interp
575	helloWorld	rust	wamr	O3	jit
576	helloWorld	rust	wamr	O3	aot
577	helloWorld	rust	wamr	Os	interp
578	helloWorld	rust	wamr	Os	jit
579	helloWorld	rust	wamr	Os	aot
580	helloWorld	rust	wamr	Oz	interp
581	helloWorld	rust	wamr	Oz	jit
582	helloWorld	rust	wamr	Oz	aot
583	helloWorld	rust	wasmtime	default	jit
584	helloWorld	rust	wasmtime	default	aot
585	helloWorld	rust	wasmtime	O0	jit
586	helloWorld	rust	wasmtime	O0	aot
587	helloWorld	rust	wasmtime	O1	jit
588	helloWorld	rust	wasmtime	O1	aot
589	helloWorld	rust	wasmtime	O2	jit
590	helloWorld	rust	wasmtime	O2	aot
591	helloWorld	rust	wasmtime	O3	jit
592	helloWorld	rust	wasmtime	O3	aot
593	helloWorld	rust	wasmtime	Os	jit
594	helloWorld	rust	wasmtime	Os	aot
595	helloWorld	rust	wasmtime	Oz	jit
596	helloWorld	rust	wasmtime	Oz	aot
597	helloWorld	rust	wasmer	default	jit
598	helloWorld	rust	wasmer	default	aot
599	helloWorld	rust	wasmer	O0	jit
600	helloWorld	rust	wasmer	O0	aot
601	helloWorld	rust	wasmer	O1	jit
602	helloWorld	rust	wasmer	O1	aot
603	helloWorld	rust	wasmer	O2	jit
604	helloWorld	rust	wasmer	O2	aot
605	helloWorld	rust	wasmer	O3	jit
606	helloWorld	rust	wasmer	O3	aot
607	helloWorld	rust	wasmer	Os	jit
608	helloWorld	rust	wasmer	Os	aot
609	helloWorld	rust	wasmer	Oz	jit
610	helloWorld	rust	wasmer	Oz	aot
611	LZW_compression	cpp	wasmedge	default	interp
612	LZW_compression	cpp	wasmedge	default	jit
613	LZW_compression	cpp	wasmedge	default	aot
614	LZW_compression	cpp	wasmedge	O0	interp
615	LZW_compression	cpp	wasmedge	O0	jit
616	LZW_compression	cpp	wasmedge	O0	aot
617	LZW_compression	cpp	wasmedge	O1	interp
618	LZW_compression	cpp	wasmedge	O1	jit
619	LZW_compression	cpp	wasmedge	O1	aot
620	LZW_compression	cpp	wasmedge	O2	interp
621	LZW_compression	cpp	wasmedge	O2	jit
622	LZW_compression	cpp	wasmedge	O2	aot
623	LZW_compression	cpp	wasmedge	O3	interp
624	LZW_compression	cpp	wasmedge	O3	jit
625	LZW_compression	cpp	wasmedge	O3	aot
626	LZW_compression	cpp	wasmedge	Os	interp
627	LZW_compression	cpp	wasmedge	Os	jit
628	LZW_compression	cpp	wasmedge	Os	aot
629	LZW_compression	cpp	wasmedge	Oz	interp
630	LZW_compression	cpp	wasmedge	Oz	jit
631	LZW_compression	cpp	wasmedge	Oz	aot
632	LZW_compression	cpp	wamr	default	interp
633	LZW_compression	cpp	wamr	default	jit
634	LZW_compression	cpp	wamr	default	aot
635	LZW_compression	cpp	wamr	O0	interp
636	LZW_compression	cpp	wamr	O0	jit
637	LZW_compression	cpp	wamr	O0	aot
638	LZW_compression	cpp	wamr	O1	interp
639	LZW_compression	cpp	wamr	O1	jit
640	LZW_compression	cpp	wamr	O1	aot
641	LZW_compression	cpp	wamr	O2	interp
642	LZW_compression	cpp	wamr	O2	jit
643	LZW_compression	cpp	wamr	O2	aot
644	LZW_compression	cpp	wamr	O3	interp
645	LZW_compression	cpp	wamr	O3	jit
646	LZW_compression	cpp	wamr	O3	aot
647	LZW_compression	cpp	wamr	Os	interp
648	LZW_compression	cpp	wamr	Os	jit
649	LZW_compression	cpp	wamr	Os	aot
650	LZW_compression	cpp	wamr	Oz	interp
651	LZW_compression	cpp	wamr	Oz	jit
652	LZW_compression	cpp	wamr	Oz	aot
653	LZW_compression	cpp	wasmtime	default	jit
654	LZW_compression	cpp	wasmtime	default	aot
655	LZW_compression	cpp	wasmtime	O0	jit
656	LZW_compression	cpp	wasmtime	O0	aot
657	LZW_compression	cpp	wasmtime	O1	jit
658	LZW_compression	cpp	wasmtime	O1	aot
659	LZW_compression	cpp	wasmtime	O2	jit
660	LZW_compression	cpp	wasmtime	O2	aot
661	LZW_compression	cpp	wasmtime	O3	jit
662	LZW_compression	cpp	wasmtime	O3	aot
663	LZW_compression	cpp	wasmtime	Os	jit
664	LZW_compression	cpp	wasmtime	Os	aot
665	LZW_compression	cpp	wasmtime	Oz	jit
666	LZW_compression	cpp	wasmtime	Oz	aot
667	LZW_compression	cpp	wasmer	default	jit
668	LZW_compression	cpp	wasmer	default	aot
669	LZW_compression	cpp	wasmer	O0	jit
670	LZW_compression	cpp	wasmer	O0	aot
671	LZW_compression	cpp	wasmer	O1	jit
672	LZW_compression	cpp	wasmer	O1	aot
673	LZW_compression	cpp	wasmer	O2	jit
674	LZW_compression	cpp	wasmer	O2	aot
675	LZW_compression	cpp	wasmer	O3	jit
676	LZW_compression	cpp	wasmer	O3	aot
677	LZW_compression	cpp	wasmer	Os	jit
678	LZW_compression	cpp	wasmer	Os	aot
679	LZW_compression	cpp	wasmer	Oz	jit
680	LZW_compression	cpp	wasmer	Oz	aot
681	LZW_compression	go	wasmedge	default	interp
682	LZW_compression	go	wasmedge	default	jit
683	LZW_compression	go	wasmedge	default	aot
684	LZW_compression	go	wamr	default	interp
685	LZW_compression	go	wamr	default	jit
686	LZW_compression	go	wamr	default	aot
687	LZW_compression	go	wasmtime	default	jit
688	LZW_compression	go	wasmtime	default	aot
689	LZW_compression	go	wasmer	default	jit
690	LZW_compression	go	wasmer	default	aot
691	LZW_compression	rust	wasmedge	default	interp
692	LZW_compression	rust	wasmedge	default	jit
693	LZW_compression	rust	wasmedge	default	aot
694	LZW_compression	rust	wasmedge	O0	interp
695	LZW_compression	rust	wasmedge	O0	jit
696	LZW_compression	rust	wasmedge	O0	aot
697	LZW_compression	rust	wasmedge	O1	interp
698	LZW_compression	rust	wasmedge	O1	jit
699	LZW_compression	rust	wasmedge	O1	aot
700	LZW_compression	rust	wasmedge	O2	interp
701	LZW_compression	rust	wasmedge	O2	jit
702	LZW_compression	rust	wasmedge	O2	aot
703	LZW_compression	rust	wasmedge	O3	interp
704	LZW_compression	rust	wasmedge	O3	jit
705	LZW_compression	rust	wasmedge	O3	aot
706	LZW_compression	rust	wasmedge	Os	interp
707	LZW_compression	rust	wasmedge	Os	jit
708	LZW_compression	rust	wasmedge	Os	aot
709	LZW_compression	rust	wasmedge	Oz	interp
710	LZW_compression	rust	wasmedge	Oz	jit
711	LZW_compression	rust	wasmedge	Oz	aot
712	LZW_compression	rust	wamr	default	interp
713	LZW_compression	rust	wamr	default	jit
714	LZW_compression	rust	wamr	default	aot
715	LZW_compression	rust	wamr	O0	interp
716	LZW_compression	rust	wamr	O0	jit
717	LZW_compression	rust	wamr	O0	aot
718	LZW_compression	rust	wamr	O1	interp
719	LZW_compression	rust	wamr	O1	jit
720	LZW_compression	rust	wamr	O1	aot
721	LZW_compression	rust	wamr	O2	interp
722	LZW_compression	rust	wamr	O2	jit
723	LZW_compression	rust	wamr	O2	aot
724	LZW_compression	rust	wamr	O3	interp
725	LZW_compression	rust	wamr	O3	jit
726	LZW_compression	rust	wamr	O3	aot
727	LZW_compression	rust	wamr	Os	interp
728	LZW_compression	rust	wamr	Os	jit
729	LZW_compression	rust	wamr	Os	aot
730	LZW_compression	rust	wamr	Oz	interp
731	LZW_compression	rust	wamr	Oz	jit
732	LZW_compression	rust	wamr	Oz	aot
733	LZW_compression	rust	wasmtime	default	jit
734	LZW_compression	rust	wasmtime	default	aot
735	LZW_compression	rust	wasmtime	O0	jit
736	LZW_compression	rust	wasmtime	O0	aot
737	LZW_compression	rust	wasmtime	O1	jit
738	LZW_compression	rust	wasmtime	O1	aot
739	LZW_compression	rust	wasmtime	O2	jit
740	LZW_compression	rust	wasmtime	O2	aot
741	LZW_compression	rust	wasmtime	O3	jit
742	LZW_compression	rust	wasmtime	O3	aot
743	LZW_compression	rust	wasmtime	Os	jit
744	LZW_compression	rust	wasmtime	Os	aot
745	LZW_compression	rust	wasmtime	Oz	jit
746	LZW_compression	rust	wasmtime	Oz	aot
747	LZW_compression	rust	wasmer	default	jit
748	LZW_compression	rust	wasmer	default	aot
749	LZW_compression	rust	wasmer	O0	jit
750	LZW_compression	rust	wasmer	O0	aot
751	LZW_compression	rust	wasmer	O1	jit
752	LZW_compression	rust	wasmer	O1	aot
753	LZW_compression	rust	wasmer	O2	jit
754	LZW_compression	rust	wasmer	O2	aot
755	LZW_compression	rust	wasmer	O3	jit
756	LZW_compression	rust	wasmer	O3	aot
757	LZW_compression	rust	wasmer	Os	jit
758	LZW_compression	rust	wasmer	Os	aot
759	LZW_compression	rust	wasmer	Oz	jit
760	LZW_compression	rust	wasmer	Oz	aot
761	mediaFilter	cpp	wasmedge	default	interp
762	mediaFilter	cpp	wasmedge	default	jit
763	mediaFilter	cpp	wasmedge	default	aot
764	mediaFilter	cpp	wasmedge	O0	interp
765	mediaFilter	cpp	wasmedge	O0	jit
766	mediaFilter	cpp	wasmedge	O0	aot
767	mediaFilter	cpp	wasmedge	O1	interp
768	mediaFilter	cpp	wasmedge	O1	jit
769	mediaFilter	cpp	wasmedge	O1	aot
770	mediaFilter	cpp	wasmedge	O2	interp
771	mediaFilter	cpp	wasmedge	O2	jit
772	mediaFilter	cpp	wasmedge	O2	aot
773	mediaFilter	cpp	wasmedge	O3	interp
774	mediaFilter	cpp	wasmedge	O3	jit
775	mediaFilter	cpp	wasmedge	O3	aot
776	mediaFilter	cpp	wasmedge	Os	interp
777	mediaFilter	cpp	wasmedge	Os	jit
778	mediaFilter	cpp	wasmedge	Os	aot
779	mediaFilter	cpp	wasmedge	Oz	interp
780	mediaFilter	cpp	wasmedge	Oz	jit
781	mediaFilter	cpp	wasmedge	Oz	aot
782	mediaFilter	cpp	wamr	default	interp
783	mediaFilter	cpp	wamr	default	jit
784	mediaFilter	cpp	wamr	default	aot
785	mediaFilter	cpp	wamr	O0	interp
786	mediaFilter	cpp	wamr	O0	jit
787	mediaFilter	cpp	wamr	O0	aot
788	mediaFilter	cpp	wamr	O1	interp
789	mediaFilter	cpp	wamr	O1	jit
790	mediaFilter	cpp	wamr	O1	aot
791	mediaFilter	cpp	wamr	O2	interp
792	mediaFilter	cpp	wamr	O2	jit
793	mediaFilter	cpp	wamr	O2	aot
794	mediaFilter	cpp	wamr	O3	interp
795	mediaFilter	cpp	wamr	O3	jit
796	mediaFilter	cpp	wamr	O3	aot
797	mediaFilter	cpp	wamr	Os	interp
798	mediaFilter	cpp	wamr	Os	jit
799	mediaFilter	cpp	wamr	Os	aot
800	mediaFilter	cpp	wamr	Oz	interp
801	mediaFilter	cpp	wamr	Oz	jit
802	mediaFilter	cpp	wamr	Oz	aot
803	mediaFilter	cpp	wasmtime	default	jit
804	mediaFilter	cpp	wasmtime	default	aot
805	mediaFilter	cpp	wasmtime	O0	jit
806	mediaFilter	cpp	wasmtime	O0	aot
807	mediaFilter	cpp	wasmtime	O1	jit
808	mediaFilter	cpp	wasmtime	O1	aot
809	mediaFilter	cpp	wasmtime	O2	jit
810	mediaFilter	cpp	wasmtime	O2	aot
811	mediaFilter	cpp	wasmtime	O3	jit
812	mediaFilter	cpp	wasmtime	O3	aot
813	mediaFilter	cpp	wasmtime	Os	jit
814	mediaFilter	cpp	wasmtime	Os	aot
815	mediaFilter	cpp	wasmtime	Oz	jit
816	mediaFilter	cpp	wasmtime	Oz	aot
817	mediaFilter	cpp	wasmer	default	jit
818	mediaFilter	cpp	wasmer	default	aot
819	mediaFilter	cpp	wasmer	O0	jit
820	mediaFilter	cpp	wasmer	O0	aot
821	mediaFilter	cpp	wasmer	O1	jit
822	mediaFilter	cpp	wasmer	O1	aot
823	mediaFilter	cpp	wasmer	O2	jit
824	mediaFilter	cpp	wasmer	O2	aot
825	mediaFilter	cpp	wasmer	O3	jit
826	mediaFilter	cpp	wasmer	O3	aot
827	mediaFilter	cpp	wasmer	Os	jit
828	mediaFilter	cpp	wasmer	Os	aot
829	mediaFilter	cpp	wasmer	Oz	jit
830	mediaFilter	cpp	wasmer	Oz	aot
831	mediaFilter	go	wasmedge	default	interp
832	mediaFilter	go	wasmedge	default	jit
833	mediaFilter	go	wasmedge	default	aot
834	mediaFilter	go	wamr	default	interp
835	mediaFilter	go	wamr	default	jit
836	mediaFilter	go	wamr	default	aot
837	mediaFilter	go	wasmtime	default	jit
838	mediaFilter	go	wasmtime	default	aot
839	mediaFilter	go	wasmer	default	jit
840	mediaFilter	go	wasmer	default	aot
841	mediaFilter	rust	wasmedge	default	interp
842	mediaFilter	rust	wasmedge	default	jit
843	mediaFilter	rust	wasmedge	default	aot
844	mediaFilter	rust	wasmedge	O0	interp
845	mediaFilter	rust	wasmedge	O0	jit
846	mediaFilter	rust	wasmedge	O0	aot
847	mediaFilter	rust	wasmedge	O1	interp
848	mediaFilter	rust	wasmedge	O1	jit
849	mediaFilter	rust	wasmedge	O1	aot
850	mediaFilter	rust	wasmedge	O2	interp
851	mediaFilter	rust	wasmedge	O2	jit
852	mediaFilter	rust	wasmedge	O2	aot
853	mediaFilter	rust	wasmedge	O3	interp
854	mediaFilter	rust	wasmedge	O3	jit
855	mediaFilter	rust	wasmedge	O3	aot
856	mediaFilter	rust	wasmedge	Os	interp
857	mediaFilter	rust	wasmedge	Os	jit
858	mediaFilter	rust	wasmedge	Os	aot
859	mediaFilter	rust	wasmedge	Oz	interp
860	mediaFilter	rust	wasmedge	Oz	jit
861	mediaFilter	rust	wasmedge	Oz	aot
862	mediaFilter	rust	wamr	default	interp
863	mediaFilter	rust	wamr	default	jit
864	mediaFilter	rust	wamr	default	aot
865	mediaFilter	rust	wamr	O0	interp
866	mediaFilter	rust	wamr	O0	jit
867	mediaFilter	rust	wamr	O0	aot
868	mediaFilter	rust	wamr	O1	interp
869	mediaFilter	rust	wamr	O1	jit
870	mediaFilter	rust	wamr	O1	aot
871	mediaFilter	rust	wamr	O2	interp
872	mediaFilter	rust	wamr	O2	jit
873	mediaFilter	rust	wamr	O2	aot
874	mediaFilter	rust	wamr	O3	interp
875	mediaFilter	rust	wamr	O3	jit
876	mediaFilter	rust	wamr	O3	aot
877	mediaFilter	rust	wamr	Os	interp
878	mediaFilter	rust	wamr	Os	jit
879	mediaFilter	rust	wamr	Os	aot
880	mediaFilter	rust	wamr	Oz	interp
881	mediaFilter	rust	wamr	Oz	jit
882	mediaFilter	rust	wamr	Oz	aot
883	mediaFilter	rust	wasmtime	default	jit
884	mediaFilter	rust	wasmtime	default	aot
885	mediaFilter	rust	wasmtime	O0	jit
886	mediaFilter	rust	wasmtime	O0	aot
887	mediaFilter	rust	wasmtime	O1	jit
888	mediaFilter	rust	wasmtime	O1	aot
889	mediaFilter	rust	wasmtime	O2	jit
890	mediaFilter	rust	wasmtime	O2	aot
891	mediaFilter	rust	wasmtime	O3	jit
892	mediaFilter	rust	wasmtime	O3	aot
893	mediaFilter	rust	wasmtime	Os	jit
894	mediaFilter	rust	wasmtime	Os	aot
895	mediaFilter	rust	wasmtime	Oz	jit
896	mediaFilter	rust	wasmtime	Oz	aot
897	mediaFilter	rust	wasmer	default	jit
898	mediaFilter	rust	wasmer	default	aot
899	mediaFilter	rust	wasmer	O0	jit
900	mediaFilter	rust	wasmer	O0	aot
901	mediaFilter	rust	wasmer	O1	jit
902	mediaFilter	rust	wasmer	O1	aot
903	mediaFilter	rust	wasmer	O2	jit
904	mediaFilter	rust	wasmer	O2	aot
905	mediaFilter	rust	wasmer	O3	jit
906	mediaFilter	rust	wasmer	O3	aot
907	mediaFilter	rust	wasmer	Os	jit
908	mediaFilter	rust	wasmer	Os	aot
909	mediaFilter	rust	wasmer	Oz	jit
910	mediaFilter	rust	wasmer	Oz	aot
911	mergeSort	cpp	wasmedge	default	interp
912	mergeSort	cpp	wasmedge	default	jit
913	mergeSort	cpp	wasmedge	default	aot
914	mergeSort	cpp	wasmedge	O0	interp
915	mergeSort	cpp	wasmedge	O0	jit
916	mergeSort	cpp	wasmedge	O0	aot
917	mergeSort	cpp	wasmedge	O1	interp
918	mergeSort	cpp	wasmedge	O1	jit
919	mergeSort	cpp	wasmedge	O1	aot
920	mergeSort	cpp	wasmedge	O2	interp
921	mergeSort	cpp	wasmedge	O2	jit
922	mergeSort	cpp	wasmedge	O2	aot
923	mergeSort	cpp	wasmedge	O3	interp
924	mergeSort	cpp	wasmedge	O3	jit
925	mergeSort	cpp	wasmedge	O3	aot
926	mergeSort	cpp	wasmedge	Os	interp
927	mergeSort	cpp	wasmedge	Os	jit
928	mergeSort	cpp	wasmedge	Os	aot
929	mergeSort	cpp	wasmedge	Oz	interp
930	mergeSort	cpp	wasmedge	Oz	jit
931	mergeSort	cpp	wasmedge	Oz	aot
932	mergeSort	cpp	wamr	default	interp
933	mergeSort	cpp	wamr	default	jit
934	mergeSort	cpp	wamr	default	aot
935	mergeSort	cpp	wamr	O0	interp
936	mergeSort	cpp	wamr	O0	jit
937	mergeSort	cpp	wamr	O0	aot
938	mergeSort	cpp	wamr	O1	interp
939	mergeSort	cpp	wamr	O1	jit
940	mergeSort	cpp	wamr	O1	aot
941	mergeSort	cpp	wamr	O2	interp
942	mergeSort	cpp	wamr	O2	jit
943	mergeSort	cpp	wamr	O2	aot
944	mergeSort	cpp	wamr	O3	interp
945	mergeSort	cpp	wamr	O3	jit
946	mergeSort	cpp	wamr	O3	aot
947	mergeSort	cpp	wamr	Os	interp
948	mergeSort	cpp	wamr	Os	jit
949	mergeSort	cpp	wamr	Os	aot
950	mergeSort	cpp	wamr	Oz	interp
951	mergeSort	cpp	wamr	Oz	jit
952	mergeSort	cpp	wamr	Oz	aot
953	mergeSort	cpp	wasmtime	default	jit
954	mergeSort	cpp	wasmtime	default	aot
955	mergeSort	cpp	wasmtime	O0	jit
956	mergeSort	cpp	wasmtime	O0	aot
957	mergeSort	cpp	wasmtime	O1	jit
958	mergeSort	cpp	wasmtime	O1	aot
959	mergeSort	cpp	wasmtime	O2	jit
960	mergeSort	cpp	wasmtime	O2	aot
961	mergeSort	cpp	wasmtime	O3	jit
962	mergeSort	cpp	wasmtime	O3	aot
963	mergeSort	cpp	wasmtime	Os	jit
964	mergeSort	cpp	wasmtime	Os	aot
965	mergeSort	cpp	wasmtime	Oz	jit
966	mergeSort	cpp	wasmtime	Oz	aot
967	mergeSort	cpp	wasmer	default	jit
968	mergeSort	cpp	wasmer	default	aot
969	mergeSort	cpp	wasmer	O0	jit
970	mergeSort	cpp	wasmer	O0	aot
971	mergeSort	cpp	wasmer	O1	jit
972	mergeSort	cpp	wasmer	O1	aot
973	mergeSort	cpp	wasmer	O2	jit
974	mergeSort	cpp	wasmer	O2	aot
975	mergeSort	cpp	wasmer	O3	jit
976	mergeSort	cpp	wasmer	O3	aot
977	mergeSort	cpp	wasmer	Os	jit
978	mergeSort	cpp	wasmer	Os	aot
979	mergeSort	cpp	wasmer	Oz	jit
980	mergeSort	cpp	wasmer	Oz	aot
981	mergeSort	go	wasmedge	default	interp
982	mergeSort	go	wasmedge	default	jit
983	mergeSort	go	wasmedge	default	aot
984	mergeSort	go	wamr	default	interp
985	mergeSort	go	wamr	default	jit
986	mergeSort	go	wamr	default	aot
987	mergeSort	go	wasmtime	default	jit
988	mergeSort	go	wasmtime	default	aot
989	mergeSort	go	wasmer	default	jit
990	mergeSort	go	wasmer	default	aot
991	mergeSort	rust	wasmedge	default	interp
992	mergeSort	rust	wasmedge	default	jit
993	mergeSort	rust	wasmedge	default	aot
994	mergeSort	rust	wasmedge	O0	interp
995	mergeSort	rust	wasmedge	O0	jit
996	mergeSort	rust	wasmedge	O0	aot
997	mergeSort	rust	wasmedge	O1	interp
998	mergeSort	rust	wasmedge	O1	jit
999	mergeSort	rust	wasmedge	O1	aot
1000	mergeSort	rust	wasmedge	O2	interp
1001	mergeSort	rust	wasmedge	O2	jit
1002	mergeSort	rust	wasmedge	O2	aot
1003	mergeSort	rust	wasmedge	O3	interp
1004	mergeSort	rust	wasmedge	O3	jit
1005	mergeSort	rust	wasmedge	O3	aot
1006	mergeSort	rust	wasmedge	Os	interp
1007	mergeSort	rust	wasmedge	Os	jit
1008	mergeSort	rust	wasmedge	Os	aot
1009	mergeSort	rust	wasmedge	Oz	interp
1010	mergeSort	rust	wasmedge	Oz	jit
1011	mergeSort	rust	wasmedge	Oz	aot
1012	mergeSort	rust	wamr	default	interp
1013	mergeSort	rust	wamr	default	jit
1014	mergeSort	rust	wamr	default	aot
1015	mergeSort	rust	wamr	O0	interp
1016	mergeSort	rust	wamr	O0	jit
1017	mergeSort	rust	wamr	O0	aot
1018	mergeSort	rust	wamr	O1	interp
1019	mergeSort	rust	wamr	O1	jit
1020	mergeSort	rust	wamr	O1	aot
1021	mergeSort	rust	wamr	O2	interp
1022	mergeSort	rust	wamr	O2	jit
1023	mergeSort	rust	wamr	O2	aot
1024	mergeSort	rust	wamr	O3	interp
1025	mergeSort	rust	wamr	O3	jit
1026	mergeSort	rust	wamr	O3	aot
1027	mergeSort	rust	wamr	Os	interp
1028	mergeSort	rust	wamr	Os	jit
1029	mergeSort	rust	wamr	Os	aot
1030	mergeSort	rust	wamr	Oz	interp
1031	mergeSort	rust	wamr	Oz	jit
1032	mergeSort	rust	wamr	Oz	aot
1033	mergeSort	rust	wasmtime	default	jit
1034	mergeSort	rust	wasmtime	default	aot
1035	mergeSort	rust	wasmtime	O0	jit
1036	mergeSort	rust	wasmtime	O0	aot
1037	mergeSort	rust	wasmtime	O1	jit
1038	mergeSort	rust	wasmtime	O1	aot
1039	mergeSort	rust	wasmtime	O2	jit
1040	mergeSort	rust	wasmtime	O2	aot
1041	mergeSort	rust	wasmtime	O3	jit
1042	mergeSort	rust	wasmtime	O3	aot
1043	mergeSort	rust	wasmtime	Os	jit
1044	mergeSort	rust	wasmtime	Os	aot
1045	mergeSort	rust	wasmtime	Oz	jit
1046	mergeSort	rust	wasmtime	Oz	aot
1047	mergeSort	rust	wasmer	default	jit
1048	mergeSort	rust	wasmer	default	aot
1049	mergeSort	rust	wasmer	O0	jit
1050	mergeSort	rust	wasmer	O0	aot
1051	mergeSort	rust	wasmer	O1	jit
1052	mergeSort	rust	wasmer	O1	aot
1053	mergeSort	rust	wasmer	O2	jit
1054	mergeSort	rust	wasmer	O2	aot
1055	mergeSort	rust	wasmer	O3	jit
1056	mergeSort	rust	wasmer	O3	aot
1057	mergeSort	rust	wasmer	Os	jit
1058	mergeSort	rust	wasmer	Os	aot
1059	mergeSort	rust	wasmer	Oz	jit
1060	mergeSort	rust	wasmer	Oz	aot
1061	numericalIntegration	cpp	wasmedge	default	interp
1062	numericalIntegration	cpp	wasmedge	default	jit
1063	numericalIntegration	cpp	wasmedge	default	aot
1064	numericalIntegration	cpp	wasmedge	O0	interp
1065	numericalIntegration	cpp	wasmedge	O0	jit
1066	numericalIntegration	cpp	wasmedge	O0	aot
1067	numericalIntegration	cpp	wasmedge	O1	interp
1068	numericalIntegration	cpp	wasmedge	O1	jit
1069	numericalIntegration	cpp	wasmedge	O1	aot
1070	numericalIntegration	cpp	wasmedge	O2	interp
1071	numericalIntegration	cpp	wasmedge	O2	jit
1072	numericalIntegration	cpp	wasmedge	O2	aot
1073	numericalIntegration	cpp	wasmedge	O3	interp
1074	numericalIntegration	cpp	wasmedge	O3	jit
1075	numericalIntegration	cpp	wasmedge	O3	aot
1076	numericalIntegration	cpp	wasmedge	Os	interp
1077	numericalIntegration	cpp	wasmedge	Os	jit
1078	numericalIntegration	cpp	wasmedge	Os	aot
1079	numericalIntegration	cpp	wasmedge	Oz	interp
1080	numericalIntegration	cpp	wasmedge	Oz	jit
1081	numericalIntegration	cpp	wasmedge	Oz	aot
1082	numericalIntegration	cpp	wamr	default	interp
1083	numericalIntegration	cpp	wamr	default	jit
1084	numericalIntegration	cpp	wamr	default	aot
1085	numericalIntegration	cpp	wamr	O0	interp
1086	numericalIntegration	cpp	wamr	O0	jit
1087	numericalIntegration	cpp	wamr	O0	aot
1088	numericalIntegration	cpp	wamr	O1	interp
1089	numericalIntegration	cpp	wamr	O1	jit
1090	numericalIntegration	cpp	wamr	O1	aot
1091	numericalIntegration	cpp	wamr	O2	interp
1092	numericalIntegration	cpp	wamr	O2	jit
1093	numericalIntegration	cpp	wamr	O2	aot
1094	numericalIntegration	cpp	wamr	O3	interp
1095	numericalIntegration	cpp	wamr	O3	jit
1096	numericalIntegration	cpp	wamr	O3	aot
1097	numericalIntegration	cpp	wamr	Os	interp
1098	numericalIntegration	cpp	wamr	Os	jit
1099	numericalIntegration	cpp	wamr	Os	aot
1100	numericalIntegration	cpp	wamr	Oz	interp
1101	numericalIntegration	cpp	wamr	Oz	jit
1102	numericalIntegration	cpp	wamr	Oz	aot
1103	numericalIntegration	cpp	wasmtime	default	jit
1104	numericalIntegration	cpp	wasmtime	default	aot
1105	numericalIntegration	cpp	wasmtime	O0	jit
1106	numericalIntegration	cpp	wasmtime	O0	aot
1107	numericalIntegration	cpp	wasmtime	O1	jit
1108	numericalIntegration	cpp	wasmtime	O1	aot
1109	numericalIntegration	cpp	wasmtime	O2	jit
1110	numericalIntegration	cpp	wasmtime	O2	aot
1111	numericalIntegration	cpp	wasmtime	O3	jit
1112	numericalIntegration	cpp	wasmtime	O3	aot
1113	numericalIntegration	cpp	wasmtime	Os	jit
1114	numericalIntegration	cpp	wasmtime	Os	aot
1115	numericalIntegration	cpp	wasmtime	Oz	jit
1116	numericalIntegration	cpp	wasmtime	Oz	aot
1117	numericalIntegration	cpp	wasmer	default	jit
1118	numericalIntegration	cpp	wasmer	default	aot
1119	numericalIntegration	cpp	wasmer	O0	jit
1120	numericalIntegration	cpp	wasmer	O0	aot
1121	numericalIntegration	cpp	wasmer	O1	jit
1122	numericalIntegration	cpp	wasmer	O1	aot
1123	numericalIntegration	cpp	wasmer	O2	jit
1124	numericalIntegration	cpp	wasmer	O2	aot
1125	numericalIntegration	cpp	wasmer	O3	jit
1126	numericalIntegration	cpp	wasmer	O3	aot
1127	numericalIntegration	cpp	wasmer	Os	jit
1128	numericalIntegration	cpp	wasmer	Os	aot
1129	numericalIntegration	cpp	wasmer	Oz	jit
1130	numericalIntegration	cpp	wasmer	Oz	aot
1131	numericalIntegration	go	wasmedge	default	interp
1132	numericalIntegration	go	wasmedge	default	jit
1133	numericalIntegration	go	wasmedge	default	aot
1134	numericalIntegration	go	wamr	default	interp
1135	numericalIntegration	go	wamr	default	jit
1136	numericalIntegration	go	wamr	default	aot
1137	numericalIntegration	go	wasmtime	default	jit
1138	numericalIntegration	go	wasmtime	default	aot
1139	numericalIntegration	go	wasmer	default	jit
1140	numericalIntegration	go	wasmer	default	aot
1141	numericalIntegration	rust	wasmedge	default	interp
1142	numericalIntegration	rust	wasmedge	default	jit
1143	numericalIntegration	rust	wasmedge	default	aot
1144	numericalIntegration	rust	wasmedge	O0	interp
1145	numericalIntegration	rust	wasmedge	O0	jit
1146	numericalIntegration	rust	wasmedge	O0	aot
1147	numericalIntegration	rust	wasmedge	O1	interp
1148	numericalIntegration	rust	wasmedge	O1	jit
1149	numericalIntegration	rust	wasmedge	O1	aot
1150	numericalIntegration	rust	wasmedge	O2	interp
1151	numericalIntegration	rust	wasmedge	O2	jit
1152	numericalIntegration	rust	wasmedge	O2	aot
1153	numericalIntegration	rust	wasmedge	O3	interp
1154	numericalIntegration	rust	wasmedge	O3	jit
1155	numericalIntegration	rust	wasmedge	O3	aot
1156	numericalIntegration	rust	wasmedge	Os	interp
1157	numericalIntegration	rust	wasmedge	Os	jit
1158	numericalIntegration	rust	wasmedge	Os	aot
1159	numericalIntegration	rust	wasmedge	Oz	interp
1160	numericalIntegration	rust	wasmedge	Oz	jit
1161	numericalIntegration	rust	wasmedge	Oz	aot
1162	numericalIntegration	rust	wamr	default	interp
1163	numericalIntegration	rust	wamr	default	jit
1164	numericalIntegration	rust	wamr	default	aot
1165	numericalIntegration	rust	wamr	O0	interp
1166	numericalIntegration	rust	wamr	O0	jit
1167	numericalIntegration	rust	wamr	O0	aot
1168	numericalIntegration	rust	wamr	O1	interp
1169	numericalIntegration	rust	wamr	O1	jit
1170	numericalIntegration	rust	wamr	O1	aot
1171	numericalIntegration	rust	wamr	O2	interp
1172	numericalIntegration	rust	wamr	O2	jit
1173	numericalIntegration	rust	wamr	O2	aot
1174	numericalIntegration	rust	wamr	O3	interp
1175	numericalIntegration	rust	wamr	O3	jit
1176	numericalIntegration	rust	wamr	O3	aot
1177	numericalIntegration	rust	wamr	Os	interp
1178	numericalIntegration	rust	wamr	Os	jit
1179	numericalIntegration	rust	wamr	Os	aot
1180	numericalIntegration	rust	wamr	Oz	interp
1181	numericalIntegration	rust	wamr	Oz	jit
1182	numericalIntegration	rust	wamr	Oz	aot
1183	numericalIntegration	rust	wasmtime	default	jit
1184	numericalIntegration	rust	wasmtime	default	aot
1185	numericalIntegration	rust	wasmtime	O0	jit
1186	numericalIntegration	rust	wasmtime	O0	aot
1187	numericalIntegration	rust	wasmtime	O1	jit
1188	numericalIntegration	rust	wasmtime	O1	aot
1189	numericalIntegration	rust	wasmtime	O2	jit
1190	numericalIntegration	rust	wasmtime	O2	aot
1191	numericalIntegration	rust	wasmtime	O3	jit
1192	numericalIntegration	rust	wasmtime	O3	aot
1193	numericalIntegration	rust	wasmtime	Os	jit
1194	numericalIntegration	rust	wasmtime	Os	aot
1195	numericalIntegration	rust	wasmtime	Oz	jit
1196	numericalIntegration	rust	wasmtime	Oz	aot
1197	numericalIntegration	rust	wasmer	default	jit
1198	numericalIntegration	rust	wasmer	default	aot
1199	numericalIntegration	rust	wasmer	O0	jit
1200	numericalIntegration	rust	wasmer	O0	aot
1201	numericalIntegration	rust	wasmer	O1	jit
1202	numericalIntegration	rust	wasmer	O1	aot
1203	numericalIntegration	rust	wasmer	O2	jit
1204	numericalIntegration	rust	wasmer	O2	aot
1205	numericalIntegration	rust	wasmer	O3	jit
1206	numericalIntegration	rust	wasmer	O3	aot
1207	numericalIntegration	rust	wasmer	Os	jit
1208	numericalIntegration	rust	wasmer	Os	aot
1209	numericalIntegration	rust	wasmer	Oz	jit
1210	numericalIntegration	rust	wasmer	Oz	aot
1211	objectDetection	rust	wasmedge	default	interp
1212	objectDetection	rust	wasmedge	default	jit
1213	objectDetection	rust	wasmedge	default	aot
1214	objectDetection	rust	wasmedge	O0	interp
1215	objectDetection	rust	wasmedge	O0	jit
1216	objectDetection	rust	wasmedge	O0	aot
1217	objectDetection	rust	wasmedge	O1	interp
1218	objectDetection	rust	wasmedge	O1	jit
1219	objectDetection	rust	wasmedge	O1	aot
1220	objectDetection	rust	wasmedge	O2	interp
1221	objectDetection	rust	wasmedge	O2	jit
1222	objectDetection	rust	wasmedge	O2	aot
1223	objectDetection	rust	wasmedge	O3	interp
1224	objectDetection	rust	wasmedge	O3	jit
1225	objectDetection	rust	wasmedge	O3	aot
1226	objectDetection	rust	wasmedge	Os	interp
1227	objectDetection	rust	wasmedge	Os	jit
1228	objectDetection	rust	wasmedge	Os	aot
1229	objectDetection	rust	wasmedge	Oz	interp
1230	objectDetection	rust	wasmedge	Oz	jit
1231	objectDetection	rust	wasmedge	Oz	aot
1232	objectDetection	rust	wamr	default	interp
1233	objectDetection	rust	wamr	default	jit
1234	objectDetection	rust	wamr	default	aot
1235	objectDetection	rust	wamr	O0	interp
1236	objectDetection	rust	wamr	O0	jit
1237	objectDetection	rust	wamr	O0	aot
1238	objectDetection	rust	wamr	O1	interp
1239	objectDetection	rust	wamr	O1	jit
1240	objectDetection	rust	wamr	O1	aot
1241	objectDetection	rust	wamr	O2	interp
1242	objectDetection	rust	wamr	O2	jit
1243	objectDetection	rust	wamr	O2	aot
1244	objectDetection	rust	wamr	O3	interp
1245	objectDetection	rust	wamr	O3	jit
1246	objectDetection	rust	wamr	O3	aot
1247	objectDetection	rust	wamr	Os	interp
1248	objectDetection	rust	wamr	Os	jit
1249	objectDetection	rust	wamr	Os	aot
1250	objectDetection	rust	wamr	Oz	interp
1251	objectDetection	rust	wamr	Oz	jit
1252	objectDetection	rust	wamr	Oz	aot
1253	objectDetection	rust	wasmtime	default	jit
1254	objectDetection	rust	wasmtime	default	aot
1255	objectDetection	rust	wasmtime	O0	jit
1256	objectDetection	rust	wasmtime	O0	aot
1257	objectDetection	rust	wasmtime	O1	jit
1258	objectDetection	rust	wasmtime	O1	aot
1259	objectDetection	rust	wasmtime	O2	jit
1260	objectDetection	rust	wasmtime	O2	aot
1261	objectDetection	rust	wasmtime	O3	jit
1262	objectDetection	rust	wasmtime	O3	aot
1263	objectDetection	rust	wasmtime	Os	jit
1264	objectDetection	rust	wasmtime	Os	aot
1265	objectDetection	rust	wasmtime	Oz	jit
1266	objectDetection	rust	wasmtime	Oz	aot
1267	imageClassification	rust	wasmedge	default	interp
1268	imageClassification	rust	wasmedge	default	jit
1269	imageClassification	rust	wasmedge	default	aot
1270	imageClassification	rust	wasmedge	O0	interp
1271	imageClassification	rust	wasmedge	O0	jit
1272	imageClassification	rust	wasmedge	O0	aot
1273	imageClassification	rust	wasmedge	O1	interp
1274	imageClassification	rust	wasmedge	O1	jit
1275	imageClassification	rust	wasmedge	O1	aot
1276	imageClassification	rust	wasmedge	O2	interp
1277	imageClassification	rust	wasmedge	O2	jit
1278	imageClassification	rust	wasmedge	O2	aot
1279	imageClassification	rust	wasmedge	O3	interp
1280	imageClassification	rust	wasmedge	O3	jit
1281	imageClassification	rust	wasmedge	O3	aot
1282	imageClassification	rust	wasmedge	Os	interp
1283	imageClassification	rust	wasmedge	Os	jit
1284	imageClassification	rust	wasmedge	Os	aot
1285	imageClassification	rust	wasmedge	Oz	interp
1286	imageClassification	rust	wasmedge	Oz	jit
1287	imageClassification	rust	wasmedge	Oz	aot
1288	imageClassification	rust	wamr	default	interp
1289	imageClassification	rust	wamr	default	jit
1290	imageClassification	rust	wamr	default	aot
1291	imageClassification	rust	wamr	O0	interp
1292	imageClassification	rust	wamr	O0	jit
1293	imageClassification	rust	wamr	O0	aot
1294	imageClassification	rust	wamr	O1	interp
1295	imageClassification	rust	wamr	O1	jit
1296	imageClassification	rust	wamr	O1	aot
1297	imageClassification	rust	wamr	O2	interp
1298	imageClassification	rust	wamr	O2	jit
1299	imageClassification	rust	wamr	O2	aot
1300	imageClassification	rust	wamr	O3	interp
1301	imageClassification	rust	wamr	O3	jit
1302	imageClassification	rust	wamr	O3	aot
1303	imageClassification	rust	wamr	Os	interp
1304	imageClassification	rust	wamr	Os	jit
1305	imageClassification	rust	wamr	Os	aot
1306	imageClassification	rust	wamr	Oz	interp
1307	imageClassification	rust	wamr	Oz	jit
1308	imageClassification	rust	wamr	Oz	aot
1309	imageClassification	rust	wasmtime	default	jit
1310	imageClassification	rust	wasmtime	default	aot
1311	imageClassification	rust	wasmtime	O0	jit
1312	imageClassification	rust	wasmtime	O0	aot
1313	imageClassification	rust	wasmtime	O1	jit
1314	imageClassification	rust	wasmtime	O1	aot
1315	imageClassification	rust	wasmtime	O2	jit
1316	imageClassification	rust	wasmtime	O2	aot
1317	imageClassification	rust	wasmtime	O3	jit
1318	imageClassification	rust	wasmtime	O3	aot
1319	imageClassification	rust	wasmtime	Os	jit
1320	imageClassification	rust	wasmtime	Os	aot
1321	imageClassification	rust	wasmtime	Oz	jit
1322	imageClassification	rust	wasmtime	Oz	aot
